{
    "accuracy": [
        0.9694293737411499,
        0.9867526888847351,
        0.984035313129425,
        0.993546187877655,
        0.9928668737411499
    ],
    "loss": [
        0.34335750341415405,
        0.1919810026884079,
        0.19065724313259125,
        0.10777841508388519,
        0.1129249781370163
    ],
    "val_accuracy": [
        0.550000011920929,
        0.988095223903656,
        0.9976190328598022,
        0.9928571581840515,
        0.9976190328598022
    ],
    "val_loss": [
        12.844470024108887,
        0.13017456233501434,
        0.00402158172801137,
        0.10510917752981186,
        0.0316656194627285
    ]
}