{
    "t_var": 45.718001466782816,
    "p_var": 0.0,
    "t_mean": 32.452885187673736,
    "p_mean": 8.775696008183287e-193,
    "t_rec": 147.96114757082748,
    "p_rec": 0.0,
    "n_mildew": 422
}