{
    "loss": 0.02851286716759205,
    "accuracy": 0.9976303577423096,
    "recall_mildew": 0.995260663507109
}